sample_id,company_name,stock_code,title_ok,url_ok,date_ok,status,prospectus_url
W2-STAR001,北京海博思创科技股份有限公司,688411,True,True,True,success,https://static.cninfo.com.cn/finalpage/2025-01-22/1222389596.PDF
W2-STAR002,湖北兴福电子材料股份有限公司,688545,True,True,True,success,https://static.cninfo.com.cn/finalpage/2025-01-17/1222355547.PDF
W2-STAR003,思看科技(杭州)股份有限公司,688583,True,True,True,success,https://static.cninfo.com.cn/finalpage/2025-01-10/1222285798.PDF
W2-STAR004,厦门恒坤新材料科技股份有限公司,688727,True,True,True,success,https://static.cninfo.com.cn/finalpage/2025-11-13/1224802223.PDF
W2-STAR005,北京屹唐半导体科技股份有限公司,688729,True,True,True,success,https://static.cninfo.com.cn/finalpage/2025-07-03/1224068769.PDF
W2-STAR006,江苏汉邦科技股份有限公司,688755,True,True,True,success,https://static.cninfo.com.cn/finalpage/2025-05-13/1223528584.PDF
W2-STAR007,胜科纳米(苏州)股份有限公司,688757,True,True,True,success,https://static.cninfo.com.cn/finalpage/2025-03-20/1222846384.PDF
W2-STAR008,苏州赛分科技股份有限公司,688758,True,True,True,success,https://static.cninfo.com.cn/finalpage/2025-01-06/1222238930.PDF
W2-STAR009,广州必贝特医药股份有限公司,688759,True,True,True,success,https://static.cninfo.com.cn/finalpage/2025-10-23/1224726268.PDF
W2-STAR010,武汉禾元生物科技股份有限公司,688765,True,True,True,success,https://static.cninfo.com.cn/finalpage/2025-10-20/1224719933.PDF
W2-STAR011,影石创新科技股份有限公司,688775,True,True,True,success,https://static.cninfo.com.cn/finalpage/2025-06-06/1223788474.PDF
W2-STAR012,西安奕斯伟材料科技股份有限公司,688783,True,True,True,success,https://static.cninfo.com.cn/finalpage/2025-10-22/1224723727.PDF
W2-STAR013,北京昂瑞微电子技术股份有限公司,688790,True,True,True,success,https://static.cninfo.com.cn/finalpage/2025-12-11/1224867086.PDF
W2-STAR014,摩尔线程智能科技(北京)股份有限公司,688795,True,True,True,success,https://static.cninfo.com.cn/finalpage/2025-11-28/1224831699.PDF
W2-STAR015,百奥赛图(北京)医药科技股份有限公司,688796,True,True,True,success,https://static.cninfo.com.cn/finalpage/2025-12-04/1224848797.PDF
W2-STAR016,沐曦集成电路(上海)股份有限公司,688802,True,True,True,success,https://static.cninfo.com.cn/finalpage/2025-12-11/1224867078.PDF
W2-STAR017,宁波健信超导科技股份有限公司,688805,True,True,True,success,https://static.cninfo.com.cn/finalpage/2025-12-19/1224886206.PDF
W2-STAR018,厦门优迅芯片股份有限公司,688807,True,True,True,success,https://static.cninfo.com.cn/finalpage/2025-12-12/1224870082.PDF
W2-STAR019,强一半导体(苏州)股份有限公司,688809,True,True,True,success,https://static.cninfo.com.cn/finalpage/2025-12-25/1224897120.PDF
